Długość,Głębokość,Wysokość,Typ katalogowy,Katalog,Typ,Cena katalogowa 2022,id,
400,600,370,A3100.046,A,3100,818,A3100,
500,600,370,A3100.056,A,3100,872,A3100,
600,600,370,A3100.066,A,3100,925,A3100,
700,600,370,A3100.076,A,3100,979,A3100,
800,600,370,A3100.086,A,3100,1033,A3100,
900,600,370,A3100.096,A,3100,1086,A3100,
1000,600,370,A3100.106,A,3100,1140,A3100,
1100,600,370,A3100.116,A,3100,1194,A3100,
1200,600,370,A3100.126,A,3100,1247,A3100,
1300,600,370,A3100.136,A,3100,1463,A3100,
1400,600,370,A3100.146,A,3100,1517,A3100,
1500,600,370,A3100.156,A,3100,1566,A3100,
1600,600,370,A3100.166,A,3100,1624,A3100,
1700,600,370,A3100.176,A,3100,1678,A3100,
1800,600,370,A3100.186,A,3100,1731,A3100,
1900,600,370,A3100.196,A,3100,1785,A3100,
2000,600,370,A3100.206,A,3100,1839,A3100,
2100,600,370,A3100.216,A,3100,2055,A3100,
2200,600,370,A3100.226,A,3100,2109,A3100,
2300,600,370,A3100.236,A,3100,2163,A3100,
2400,600,370,A3100.246,A,3100,2216,A3100,
2500,600,370,A3100.256,A,3100,2270,A3100,
2600,600,370,A3100.266,A,3100,2324,A3100,
2700,600,370,A3100.276,A,3100,2377,A3100,
2800,600,370,A3100.286,A,3100,2431,A3100,
400,700,470,A3100.047,A,3100,879,A3100,
500,700,470,A3100.057,A,3100,937,A3100,
600,700,470,A3100.067,A,3100,994,A3100,
700,700,470,A3100.077,A,3100,1052,A3100,
800,700,470,A3100.087,A,3100,1109,A3100,
900,700,470,A3100.097,A,3100,1167,A3100,
1000,700,470,A3100.107,A,3100,1224,A3100,
1100,700,470,A3100.117,A,3100,1282,A3100,
1200,700,470,A3100.127,A,3100,1340,A3100,
1300,700,470,A3100.137,A,3100,1581,A3100,
1400,700,470,A3100.147,A,3100,1638,A3100,
1500,700,470,A3100.157,A,3100,1696,A3100,
1600,700,470,A3100.167,A,3100,1753,A3100,
1700,700,470,A3100.177,A,3100,1811,A3100,
1800,700,470,A3100.187,A,3100,1868,A3100,
1900,700,470,A3100.197,A,3100,1926,A3100,
2000,700,470,A3100.207,A,3100,1983,A3100,
2100,700,470,A3100.217,A,3100,2224,A3100,
2200,700,470,A3100.227,A,3100,2282,A3100,
2300,700,470,A3100.237,A,3100,2339,A3100,
2400,700,470,A3100.247,A,3100,2397,A3100,
2500,700,470,A3100.257,A,3100,2454,A3100,
2600,700,470,A3100.267,A,3100,2512,A3100,
2700,700,470,A3100.277,A,3100,2569,A3100,
2800,700,470,A3100.287,A,3100,2627,A3100,
400,600,850,A3101.046,A,3101,985,A3101,
500,600,850,A3101.056,A,3101,1047,A3101,
600,600,850,A3101.066,A,3101,1108,A3101,
700,600,850,A3101.076,A,3101,1170,A3101,
800,600,850,A3101.086,A,3101,1232,A3101,
900,600,850,A3101.096,A,3101,1294,A3101,
1000,600,850,A3101.106,A,3101,1356,A3101,
1100,600,850,A3101.116,A,3101,1417,A3101,
1200,600,850,A3101.126,A,3101,1479,A3101,
1300,600,850,A3101.136,A,3101,1541,A3101,
1400,600,850,A3101.146,A,3101,1613,A3101,
1500,600,850,A3101.156,A,3101,1675,A3101,
1600,600,850,A3101.166,A,3101,1737,A3101,
1700,600,850,A3101.176,A,3101,1798,A3101,
1800,600,850,A3101.186,A,3101,1860,A3101,
1900,600,850,A3101.196,A,3101,1922,A3101,
2000,600,850,A3101.206,A,3101,1984,A3101,
2100,600,850,A3101.216,A,3101,2262,A3101,
2200,600,850,A3101.226,A,3101,2324,A3101,
2300,600,850,A3101.236,A,3101,2386,A3101,
2400,600,850,A3101.246,A,3101,2447,A3101,
2500,600,850,A3101.256,A,3101,2509,A3101,
2600,600,850,A3101.266,A,3101,2592,A3101,
2700,600,850,A3101.276,A,3101,2654,A3101,
2800,600,850,A3101.286,A,3101,2715,A3101,
400,700,850,A3101.047,A,3101,1026,A3101,
500,700,850,A3101.057,A,3101,1092,A3101,
600,700,850,A3101.067,A,3101,1158,A3101,
700,700,850,A3101.077,A,3101,1223,A3101,
800,700,850,A3101.087,A,3101,1289,A3101,
900,700,850,A3101.097,A,3101,1355,A3101,
1000,700,850,A3101.107,A,3101,1420,A3101,
1100,700,850,A3101.117,A,3101,1486,A3101,
1200,700,850,A3101.127,A,3101,1551,A3101,
1300,700,850,A3101.137,A,3101,1617,A3101,
1400,700,850,A3101.147,A,3101,1697,A3101,
1500,700,850,A3101.157,A,3101,1762,A3101,
1600,700,850,A3101.167,A,3101,1828,A3101,
1700,700,850,A3101.177,A,3101,1893,A3101,
1800,700,850,A3101.187,A,3101,1959,A3101,
1900,700,850,A3101.197,A,3101,2024,A3101,
2000,700,850,A3101.207,A,3101,2090,A3101,
2100,700,850,A3101.217,A,3101,2381,A3101,
2200,700,850,A3101.227,A,3101,2446,A3101,
2300,700,850,A3101.237,A,3101,2512,A3101,
2400,700,850,A3101.247,A,3101,2578,A3101,
2500,700,850,A3101.257,A,3101,2644,A3101,
2600,700,850,A3101.267,A,3101,2736,A3101,
2700,700,850,A3101.277,A,3101,2802,A3101,
2800,700,850,A3101.287,A,3101,2867,A3101,
400,600,850,A3105.046,A,3105,1131,A3105,
500,600,850,A3105.056,A,3105,1213,A3105,
600,600,850,A3105.066,A,3105,1296,A3105,
700,600,850,A3105.076,A,3105,1379,A3105,
800,600,850,A3105.086,A,3105,1462,A3105,
900,600,850,A3105.096,A,3105,1544,A3105,
1000,600,850,A3105.106,A,3105,1627,A3105,
1100,600,850,A3105.116,A,3105,1710,A3105,
1200,600,850,A3105.126,A,3105,1793,A3105,
1300,600,850,A3105.136,A,3105,1876,A3105,
1400,600,850,A3105.146,A,3105,1969,A3105,
1500,600,850,A3105.156,A,3105,2052,A3105,
1600,600,850,A3105.166,A,3105,2135,A3105,
1700,600,850,A3105.176,A,3105,2217,A3105,
1800,600,850,A3105.186,A,3105,2300,A3105,
1900,600,850,A3105.196,A,3105,2383,A3105,
2000,600,850,A3105.206,A,3105,2466,A3105,
2100,600,850,A3105.216,A,3105,2744,A3105,
2200,600,850,A3105.226,A,3105,2827,A3105,
2300,600,850,A3105.236,A,3105,2910,A3105,
2400,600,850,A3105.246,A,3105,2993,A3105,
2500,600,850,A3105.256,A,3105,3076,A3105,
2600,600,850,A3105.266,A,3105,3180,A3105,
2700,600,850,A3105.276,A,3105,3263,A3105,
2800,600,850,A3105.286,A,3105,3346,A3105,
400,700,850,A3105.047,A,3105,1180,A3105,
500,700,850,A3105.057,A,3105,1270,A3105,
600,700,850,A3105.067,A,3105,1361,A3105,
700,700,850,A3105.077,A,3105,1451,A3105,
800,700,850,A3105.087,A,3105,1542,A3105,
900,700,850,A3105.097,A,3105,1633,A3105,
1000,700,850,A3105.107,A,3105,1723,A3105,
1100,700,850,A3105.117,A,3105,1814,A3105,
1200,700,850,A3105.127,A,3105,1904,A3105,
1300,700,850,A3105.137,A,3105,1995,A3105,
1400,700,850,A3105.147,A,3105,2099,A3105,
1500,700,850,A3105.157,A,3105,2190,A3105,
1600,700,850,A3105.167,A,3105,2280,A3105,
1700,700,850,A3105.177,A,3105,2371,A3105,
1800,700,850,A3105.187,A,3105,2462,A3105,
1900,700,850,A3105.197,A,3105,2552,A3105,
2000,700,850,A3105.207,A,3105,2642,A3105,
2100,700,850,A3105.217,A,3105,2931,A3105,
2200,700,850,A3105.227,A,3105,3022,A3105,
2300,700,850,A3105.237,A,3105,3113,A3105,
2400,700,850,A3105.247,A,3105,3203,A3105,
2500,700,850,A3105.257,A,3105,3293,A3105,
2600,700,850,A3105.267,A,3105,3412,A3105,
2700,700,850,A3105.277,A,3105,3502,A3105,
2800,700,850,A3105.287,A,3105,3593,A3105,
400,600,850,A3109.046,A,3109,1320,A3109,
500,600,850,A3109.056,A,3109,1402,A3109,
600,600,850,A3109.066,A,3109,1484,A3109,
700,600,850,A3109.076,A,3109,1566,A3109,
800,600,850,A3109.086,A,3109,1649,A3109,
900,600,850,A3109.096,A,3109,1731,A3109,
1000,600,850,A3109.106,A,3109,1813,A3109,
1100,600,850,A3109.116,A,3109,1896,A3109,
1200,600,850,A3109.126,A,3109,1978,A3109,
1300,600,850,A3109.136,A,3109,2060,A3109,
1400,600,850,A3109.146,A,3109,2153,A3109,
1500,600,850,A3109.156,A,3109,2235,A3109,
1600,600,850,A3109.166,A,3109,2317,A3109,
1700,600,850,A3109.176,A,3109,2400,A3109,
1800,600,850,A3109.186,A,3109,2482,A3109,
1900,600,850,A3109.196,A,3109,2564,A3109,
2000,600,850,A3109.206,A,3109,2647,A3109,
2100,600,850,A3109.216,A,3109,2916,A3109,
2200,600,850,A3109.226,A,3109,2998,A3109,
2300,600,850,A3109.236,A,3109,3081,A3109,
2400,600,850,A3109.246,A,3109,3163,A3109,
2500,600,850,A3109.256,A,3109,3245,A3109,
2600,600,850,A3109.266,A,3109,3349,A3109,
2700,600,850,A3109.276,A,3109,3431,A3109,
2800,600,850,A3109.286,A,3109,3513,A3109,
400,700,850,A3109.047,A,3109,1359,A3109,
500,700,850,A3109.057,A,3109,1448,A3109,
600,700,850,A3109.067,A,3109,1537,A3109,
700,700,850,A3109.077,A,3109,1627,A3109,
800,700,850,A3109.087,A,3109,1716,A3109,
900,700,850,A3109.097,A,3109,1805,A3109,
1000,700,850,A3109.107,A,3109,1895,A3109,
1100,700,850,A3109.117,A,3109,1984,A3109,
1200,700,850,A3109.127,A,3109,2073,A3109,
1300,700,850,A3109.137,A,3109,2162,A3109,
1400,700,850,A3109.147,A,3109,2265,A3109,
1500,700,850,A3109.157,A,3109,2355,A3109,
1600,700,850,A3109.167,A,3109,2444,A3109,
1700,700,850,A3109.177,A,3109,2533,A3109,
1800,700,850,A3109.187,A,3109,2623,A3109,
1900,700,850,A3109.197,A,3109,2712,A3109,
2000,700,850,A3109.207,A,3109,2801,A3109,
2100,700,850,A3109.217,A,3109,3080,A3109,
2200,700,850,A3109.227,A,3109,3169,A3109,
2300,700,850,A3109.237,A,3109,3259,A3109,
2400,700,850,A3109.247,A,3109,3348,A3109,
2500,700,850,A3109.257,A,3109,3437,A3109,
2600,700,850,A3109.267,A,3109,3554,A3109,
2700,700,850,A3109.277,A,3109,3643,A3109,
2800,700,850,A3109.287,A,3109,3732,A3109,
400,600,850,A3103.046,A,3103,1457,A3103,
500,600,850,A3103.056,A,3103,1525,A3103,
600,600,850,A3103.066,A,3103,1593,A3103,
700,600,850,A3103.076,A,3103,1661,A3103,
800,600,850,A3103.086,A,3103,1729,A3103,
900,600,850,A3103.096,A,3103,1796,A3103,
1000,600,850,A3103.106,A,3103,1864,A3103,
1100,600,850,A3103.116,A,3103,1932,A3103,
1200,600,850,A3103.126,A,3103,2000,A3103,
1300,600,850,A3103.136,A,3103,2068,A3103,
1400,600,850,A3103.146,A,3103,2149,A3103,
1500,600,850,A3103.156,A,3103,2217,A3103,
1600,600,850,A3103.166,A,3103,2285,A3103,
1700,600,850,A3103.176,A,3103,2353,A3103,
1800,600,850,A3103.186,A,3103,2421,A3103,
1900,600,850,A3103.196,A,3103,2488,A3103,
2000,600,850,A3103.206,A,3103,2556,A3103,
400,700,850,A3103.047,A,3103,1503,A3103,
500,700,850,A3103.057,A,3103,1575,A3103,
600,700,850,A3103.067,A,3103,1647,A3103,
700,700,850,A3103.077,A,3103,1720,A3103,
800,700,850,A3103.087,A,3103,1791,A3103,
900,700,850,A3103.097,A,3103,1863,A3103,
1000,700,850,A3103.107,A,3103,1936,A3103,
1100,700,850,A3103.117,A,3103,2007,A3103,
1200,700,850,A3103.127,A,3103,2080,A3103,
1300,700,850,A3103.137,A,3103,2152,A3103,
1400,700,850,A3103.147,A,3103,2240,A3103,
1500,700,850,A3103.157,A,3103,2313,A3103,
1600,700,850,A3103.167,A,3103,2385,A3103,
1700,700,850,A3103.177,A,3103,2457,A3103,
1800,700,850,A3103.187,A,3103,2529,A3103,
1900,700,850,A3103.197,A,3103,2601,A3103,
2000,700,850,A3103.207,A,3103,2673,A3103,
400,600,850,A3107.046,A,3107,1632,A3107,
500,600,850,A3107.056,A,3107,1722,A3107,
600,600,850,A3107.066,A,3107,1811,A3107,
700,600,850,A3107.076,A,3107,1901,A3107,
800,600,850,A3107.086,A,3107,1990,A3107,
900,600,850,A3107.096,A,3107,2079,A3107,
1000,600,850,A3107.106,A,3107,2168,A3107,
1100,600,850,A3107.116,A,3107,2258,A3107,
1200,600,850,A3107.126,A,3107,2347,A3107,
1300,600,850,A3107.136,A,3107,2437,A3107,
1400,600,850,A3107.146,A,3107,2539,A3107,
1500,600,850,A3107.156,A,3107,2629,A3107,
1600,600,850,A3107.166,A,3107,2718,A3107,
1700,600,850,A3107.176,A,3107,2808,A3107,
1800,600,850,A3107.186,A,3107,2897,A3107,
1900,600,850,A3107.196,A,3107,2986,A3107,
2000,600,850,A3107.206,A,3107,3075,A3107,
400,700,850,A3107.047,A,3107,1685,A3107,
500,700,850,A3107.057,A,3107,1782,A3107,
600,700,850,A3107.067,A,3107,1880,A3107,
700,700,850,A3107.077,A,3107,1978,A3107,
800,700,850,A3107.087,A,3107,2076,A3107,
900,700,850,A3107.097,A,3107,2173,A3107,
1000,700,850,A3107.107,A,3107,2271,A3107,
1100,700,850,A3107.117,A,3107,2368,A3107,
1200,700,850,A3107.127,A,3107,2466,A3107,
1300,700,850,A3107.137,A,3107,2564,A3107,
1400,700,850,A3107.147,A,3107,2678,A3107,
1500,700,850,A3107.157,A,3107,2776,A3107,
1600,700,850,A3107.167,A,3107,2874,A3107,
1700,700,850,A3107.177,A,3107,2971,A3107,
1800,700,850,A3107.187,A,3107,3069,A3107,
1900,700,850,A3107.197,A,3107,3166,A3107,
2000,700,850,A3107.207,A,3107,3264,A3107,
1000,600,850,A3110.106,A,3110,3340,A3110,
1100,600,850,A3110.116,A,3110,3406,A3110,
1200,600,850,A3110.126,A,3110,3471,A3110,
1300,600,850,A3110.136,A,3110,3536,A3110,
1400,600,850,A3110.146,A,3110,3602,A3110,
1500,600,850,A3110.156,A,3110,3667,A3110,
1600,600,850,A3110.166,A,3110,3733,A3110,
1700,600,850,A3110.176,A,3110,3798,A3110,
1800,600,850,A3110.186,A,3110,3874,A3110,
1900,600,850,A3110.196,A,3110,3940,A3110,
2000,600,850,A3110.206,A,3110,4005,A3110,
2100,600,850,A3110.216,A,3110,4071,A3110,
2200,600,850,A3110.226,A,3110,4136,A3110,
2300,600,850,A3110.236,A,3110,4202,A3110,
2400,600,850,A3110.246,A,3110,4267,A3110,
1000,700,850,A3110.107,A,3110,3581,A3110,
1100,700,850,A3110.117,A,3110,3651,A3110,
1200,700,850,A3110.127,A,3110,3721,A3110,
1300,700,850,A3110.137,A,3110,3790,A3110,
1400,700,850,A3110.147,A,3110,3860,A3110,
1500,700,850,A3110.157,A,3110,3929,A3110,
1600,700,850,A3110.167,A,3110,3999,A3110,
1700,700,850,A3110.177,A,3110,4068,A3110,
1800,700,850,A3110.187,A,3110,4152,A3110,
1900,700,850,A3110.197,A,3110,4222,A3110,
2000,700,850,A3110.207,A,3110,4291,A3110,
2100,700,850,A3110.217,A,3110,4361,A3110,
2200,700,850,A3110.227,A,3110,4430,A3110,
2300,700,850,A3110.237,A,3110,4500,A3110,
2400,700,850,A3110.247,A,3110,4570,A3110,
1000,600,850,A3118.106,A,3118,3527,A3118,
1100,600,850,A3118.116,A,3118,3614,A3118,
1200,600,850,A3118.126,A,3118,3700,A3118,
1300,600,850,A3118.136,A,3118,3786,A3118,
1400,600,850,A3118.146,A,3118,3872,A3118,
1500,600,850,A3118.156,A,3118,3958,A3118,
1600,600,850,A3118.166,A,3118,4045,A3118,
1700,600,850,A3118.176,A,3118,4131,A3118,
1800,600,850,A3118.186,A,3118,4229,A3118,
1900,600,850,A3118.196,A,3118,4315,A3118,
2000,600,850,A3118.206,A,3118,4402,A3118,
2100,600,850,A3118.216,A,3118,4488,A3118,
2200,600,850,A3118.226,A,3118,4574,A3118,
2300,600,850,A3118.236,A,3118,4660,A3118,
2400,600,850,A3118.246,A,3118,4746,A3118,
1000,700,850,A3118.107,A,3118,3785,A3118,
1100,700,850,A3118.117,A,3118,3879,A3118,
1200,700,850,A3118.127,A,3118,3973,A3118,
1300,700,850,A3118.137,A,3118,4068,A3118,
1400,700,850,A3118.147,A,3118,4162,A3118,
1500,700,850,A3118.157,A,3118,4257,A3118,
1600,700,850,A3118.167,A,3118,4351,A3118,
1700,700,850,A3118.177,A,3118,4446,A3118,
1800,700,850,A3118.187,A,3118,4554,A3118,
1900,700,850,A3118.197,A,3118,4649,A3118,
2000,700,850,A3118.207,A,3118,4743,A3118,
2100,700,850,A3118.217,A,3118,4838,A3118,
2200,700,850,A3118.227,A,3118,4932,A3118,
2300,700,850,A3118.237,A,3118,5026,A3118,
2400,700,850,A3118.247,A,3118,5121,A3118,
1000,600,850,A3111.106,A,3111,3630,A3111,
1100,600,850,A3111.116,A,3111,3695,A3111,
1200,600,850,A3111.126,A,3111,3759,A3111,
1300,600,850,A3111.136,A,3111,3825,A3111,
1400,600,850,A3111.146,A,3111,3889,A3111,
1500,600,850,A3111.156,A,3111,3954,A3111,
1600,600,850,A3111.166,A,3111,4019,A3111,
1700,600,850,A3111.176,A,3111,4084,A3111,
1800,600,850,A3111.186,A,3111,4160,A3111,
1900,600,850,A3111.196,A,3111,4225,A3111,
2000,600,850,A3111.206,A,3111,4290,A3111,
2100,600,850,A3111.216,A,3111,4355,A3111,
2200,600,850,A3111.226,A,3111,4420,A3111,
2300,600,850,A3111.236,A,3111,4484,A3111,
2400,600,850,A3111.246,A,3111,4550,A3111,
1000,700,850,A3111.107,A,3111,3904,A3111,
1100,700,850,A3111.117,A,3111,3973,A3111,
1200,700,850,A3111.127,A,3111,4043,A3111,
1300,700,850,A3111.137,A,3111,4111,A3111,
1400,700,850,A3111.147,A,3111,4181,A3111,
1500,700,850,A3111.157,A,3111,4249,A3111,
1600,700,850,A3111.167,A,3111,4319,A3111,
1700,700,850,A3111.177,A,3111,4387,A3111,
1800,700,850,A3111.187,A,3111,4471,A3111,
1900,700,850,A3111.197,A,3111,4540,A3111,
2000,700,850,A3111.207,A,3111,4609,A3111,
2100,700,850,A3111.217,A,3111,4678,A3111,
2200,700,850,A3111.227,A,3111,4746,A3111,
2300,700,850,A3111.237,A,3111,4816,A3111,
2400,700,850,A3111.247,A,3111,4885,A3111,
1000,600,850,A3119.106,A,3119,3977,A3119,
1100,600,850,A3119.116,A,3119,4067,A3119,
1200,600,850,A3119.126,A,3119,4157,A3119,
1300,600,850,A3119.136,A,3119,4247,A3119,
1400,600,850,A3119.146,A,3119,4336,A3119,
1500,600,850,A3119.156,A,3119,4426,A3119,
1600,600,850,A3119.166,A,3119,4516,A3119,
1700,600,850,A3119.176,A,3119,4606,A3119,
1800,600,850,A3119.186,A,3119,4708,A3119,
1900,600,850,A3119.196,A,3119,4797,A3119,
2000,600,850,A3119.206,A,3119,4887,A3119,
2100,600,850,A3119.216,A,3119,4977,A3119,
2200,600,850,A3119.226,A,3119,5067,A3119,
2300,600,850,A3119.236,A,3119,5157,A3119,
2400,600,850,A3119.246,A,3119,5247,A3119,
1000,700,850,A3119.107,A,3119,4277,A3119,
1100,700,850,A3119.117,A,3119,4376,A3119,
1200,700,850,A3119.127,A,3119,4473,A3119,
1300,700,850,A3119.137,A,3119,4572,A3119,
1400,700,850,A3119.147,A,3119,4670,A3119,
1500,700,850,A3119.157,A,3119,4769,A3119,
1600,700,850,A3119.167,A,3119,4867,A3119,
1700,700,850,A3119.177,A,3119,4965,A3119,
1800,700,850,A3119.187,A,3119,5078,A3119,
1900,700,850,A3119.197,A,3119,5177,A3119,
2000,700,850,A3119.207,A,3119,5275,A3119,
2100,700,850,A3119.217,A,3119,5373,A3119,
2200,700,850,A3119.227,A,3119,5472,A3119,
2300,700,850,A3119.237,A,3119,5570,A3119,
2400,700,850,A3119.247,A,3119,5668,A3119,
1000,600,850,A3112.106,A,3112,3967,A3112,
1100,600,850,A3112.116,A,3112,4033,A3112,
1200,600,850,A3112.126,A,3112,4099,A3112,
1300,600,850,A3112.136,A,3112,4165,A3112,
1400,600,850,A3112.146,A,3112,4231,A3112,
1500,600,850,A3112.156,A,3112,4298,A3112,
1600,600,850,A3112.166,A,3112,4364,A3112,
1700,600,850,A3112.176,A,3112,4430,A3112,
1800,600,850,A3112.186,A,3112,4508,A3112,
1900,600,850,A3112.196,A,3112,4574,A3112,
2000,600,850,A3112.206,A,3112,4640,A3112,
2100,600,850,A3112.216,A,3112,4707,A3112,
2200,600,850,A3112.226,A,3112,4773,A3112,
2300,600,850,A3112.236,A,3112,4839,A3112,
2400,600,850,A3112.246,A,3112,4905,A3112,
1000,700,850,A3112.107,A,3112,4272,A3112,
1100,700,850,A3112.117,A,3112,4342,A3112,
1200,700,850,A3112.127,A,3112,4413,A3112,
1300,700,850,A3112.137,A,3112,4483,A3112,
1400,700,850,A3112.147,A,3112,4554,A3112,
1500,700,850,A3112.157,A,3112,4624,A3112,
1600,700,850,A3112.167,A,3112,4694,A3112,
1700,700,850,A3112.177,A,3112,4765,A3112,
1800,700,850,A3112.187,A,3112,4850,A3112,
1900,700,850,A3112.197,A,3112,4920,A3112,
2000,700,850,A3112.207,A,3112,4991,A3112,
2100,700,850,A3112.217,A,3112,5061,A3112,
2200,700,850,A3112.227,A,3112,5131,A3112,
2300,700,850,A3112.237,A,3112,5202,A3112,
2400,700,850,A3112.247,A,3112,5272,A3112,
1000,600,850,A3120.106,A,3120,4207,A3120,
1100,600,850,A3120.116,A,3120,4295,A3120,
1200,600,850,A3120.126,A,3120,4384,A3120,
1300,600,850,A3120.136,A,3120,4472,A3120,
1400,600,850,A3120.146,A,3120,4560,A3120,
1500,600,850,A3120.156,A,3120,4649,A3120,
1600,600,850,A3120.166,A,3120,4737,A3120,
1700,600,850,A3120.176,A,3120,4826,A3120,
1800,600,850,A3120.186,A,3120,4926,A3120,
1900,600,850,A3120.196,A,3120,5014,A3120,
2000,600,850,A3120.206,A,3120,5103,A3120,
2100,600,850,A3120.216,A,3120,5191,A3120,
2200,600,850,A3120.226,A,3120,5279,A3120,
2300,600,850,A3120.236,A,3120,5368,A3120,
2400,600,850,A3120.246,A,3120,5456,A3120,
1000,700,850,A3120.107,A,3120,4532,A3120,
1100,700,850,A3120.117,A,3120,4629,A3120,
1200,700,850,A3120.127,A,3120,4725,A3120,
1300,700,850,A3120.137,A,3120,4822,A3120,
1400,700,850,A3120.147,A,3120,4919,A3120,
1500,700,850,A3120.157,A,3120,5016,A3120,
1600,700,850,A3120.167,A,3120,5112,A3120,
1700,700,850,A3120.177,A,3120,5209,A3120,
1800,700,850,A3120.187,A,3120,5321,A3120,
1900,700,850,A3120.197,A,3120,5418,A3120,
2000,700,850,A3120.207,A,3120,5514,A3120,
2100,700,850,A3120.217,A,3120,5611,A3120,
2200,700,850,A3120.227,A,3120,5708,A3120,
2300,700,850,A3120.237,A,3120,5805,A3120,
2400,700,850,A3120.247,A,3120,5901,A3120,
1000,600,850,A3133.106,A,3133,2755,A3133,
1100,600,850,A3133.116,A,3133,2817,A3133,
1200,600,850,A3133.126,A,3133,2878,A3133,
1300,600,850,A3133.136,A,3133,2940,A3133,
1400,600,850,A3133.146,A,3133,3001,A3133,
1500,600,850,A3133.156,A,3133,3063,A3133,
1600,600,850,A3133.166,A,3133,3124,A3133,
1700,600,850,A3133.176,A,3133,3185,A3133,
1800,600,850,A3133.186,A,3133,3258,A3133,
1900,600,850,A3133.196,A,3133,3319,A3133,
2000,600,850,A3133.206,A,3133,3380,A3133,
2100,600,850,A3133.216,A,3133,3442,A3133,
2200,600,850,A3133.226,A,3133,3503,A3133,
2300,600,850,A3133.236,A,3133,3565,A3133,
2400,600,850,A3133.246,A,3133,3626,A3133,
1000,700,850,A3133.107,A,3133,2908,A3133,
1100,700,850,A3133.117,A,3133,2973,A3133,
1200,700,850,A3133.127,A,3133,3039,A3133,
1300,700,850,A3133.137,A,3133,3104,A3133,
1400,700,850,A3133.147,A,3133,3169,A3133,
1500,700,850,A3133.157,A,3133,3235,A3133,
1600,700,850,A3133.167,A,3133,3300,A3133,
1700,700,850,A3133.177,A,3133,3365,A3133,
1800,700,850,A3133.187,A,3133,3445,A3133,
1900,700,850,A3133.197,A,3133,3510,A3133,
2000,700,850,A3133.207,A,3133,3575,A3133,
2100,700,850,A3133.217,A,3133,3641,A3133,
2200,700,850,A3133.227,A,3133,3706,A3133,
2300,700,850,A3133.237,A,3133,3771,A3133,
2400,700,850,A3133.247,A,3133,3837,A3133,
1000,600,850,A3134.106,A,3134,3009,A3134,
1100,600,850,A3134.116,A,3134,3092,A3134,
1200,600,850,A3134.126,A,3134,3175,A3134,
1300,600,850,A3134.136,A,3134,3257,A3134,
1400,600,850,A3134.146,A,3134,3340,A3134,
1500,600,850,A3134.156,A,3134,3423,A3134,
1600,600,850,A3134.166,A,3134,3506,A3134,
1700,600,850,A3134.176,A,3134,3588,A3134,
1800,600,850,A3134.186,A,3134,3682,A3134,
1900,600,850,A3134.196,A,3134,3765,A3134,
2000,600,850,A3134.206,A,3134,3848,A3134,
2100,600,850,A3134.216,A,3134,3930,A3134,
2200,600,850,A3134.226,A,3134,4013,A3134,
2300,600,850,A3134.236,A,3134,4096,A3134,
2400,600,850,A3134.246,A,3134,4179,A3134,
1000,700,850,A3134.107,A,3134,3183,A3134,
1100,700,850,A3134.117,A,3134,3274,A3134,
1200,700,850,A3134.127,A,3134,3364,A3134,
1300,700,850,A3134.137,A,3134,3455,A3134,
1400,700,850,A3134.147,A,3134,3545,A3134,
1500,700,850,A3134.157,A,3134,3636,A3134,
1600,700,850,A3134.167,A,3134,3726,A3134,
1700,700,850,A3134.177,A,3134,3817,A3134,
1800,700,850,A3134.187,A,3134,3921,A3134,
1900,700,850,A3134.197,A,3134,4012,A3134,
2000,700,850,A3134.207,A,3134,4103,A3134,
2100,700,850,A3134.217,A,3134,4193,A3134,
2200,700,850,A3134.227,A,3134,4283,A3134,
2300,700,850,A3134.237,A,3134,4374,A3134,
2400,700,850,A3134.247,A,3134,4465,A3134,
400,600,850,A3000.046,A,3000,1892,A3000,
500,600,850,A3000.056,A,3000,2023,A3000,
600,600,850,A3000.066,A,3000,2154,A3000,
700,600,850,A3000.076,A,3000,2285,A3000,
800,600,850,A3000.086,A,3000,2416,A3000,
900,600,850,A3000.096,A,3000,2547,A3000,
1000,600,850,A3000.106,A,3000,2679,A3000,
1100,600,850,A3000.116,A,3000,2809,A3000,
1200,600,850,A3000.126,A,3000,2941,A3000,
1300,600,850,A3000.136,A,3000,3072,A3000,
1400,600,850,A3000.146,A,3000,3203,A3000,
1500,600,850,A3000.156,A,3000,3334,A3000,
1600,600,850,A3000.166,A,3000,3465,A3000,
1700,600,850,A3000.176,A,3000,3824,A3000,
1800,600,850,A3000.186,A,3000,3955,A3000,
1900,600,850,A3000.196,A,3000,4086,A3000,
2000,600,850,A3000.206,A,3000,4377,A3000,
2100,600,850,A3000.216,A,3000,4508,A3000,
2200,600,850,A3000.226,A,3000,4639,A3000,
2300,600,850,A3000.236,A,3000,4771,A3000,
2400,600,850,A3000.246,A,3000,4902,A3000,
400,700,850,A3000.047,A,3000,2018,A3000,
500,700,850,A3000.057,A,3000,2162,A3000,
600,700,850,A3000.067,A,3000,2306,A3000,
700,700,850,A3000.077,A,3000,2449,A3000,
800,700,850,A3000.087,A,3000,2593,A3000,
900,700,850,A3000.097,A,3000,2736,A3000,
1000,700,850,A3000.107,A,3000,2880,A3000,
1100,700,850,A3000.117,A,3000,3024,A3000,
1200,700,850,A3000.127,A,3000,3167,A3000,
1300,700,850,A3000.137,A,3000,3311,A3000,
1400,700,850,A3000.147,A,3000,3455,A3000,
1500,700,850,A3000.157,A,3000,3599,A3000,
1600,700,850,A3000.167,A,3000,3742,A3000,
1700,700,850,A3000.177,A,3000,4116,A3000,
1800,700,850,A3000.187,A,3000,4258,A3000,
1900,700,850,A3000.197,A,3000,4402,A3000,
2000,700,850,A3000.207,A,3000,4716,A3000,
2100,700,850,A3000.217,A,3000,4860,A3000,
2200,700,850,A3000.227,A,3000,5004,A3000,
2300,700,850,A3000.237,A,3000,5147,A3000,
2400,700,850,A3000.247,A,3000,5291,A3000,
400,600,850,A3040.046,A,3040,2216,A3040,
500,600,850,A3040.056,A,3040,2385,A3040,
600,600,850,A3040.066,A,3040,2553,A3040,
700,600,850,A3040.076,A,3040,2951,A3040,
800,600,850,A3040.086,A,3040,3120,A3040,
900,600,850,A3040.096,A,3040,3289,A3040,
1000,600,850,A3040.106,A,3040,3457,A3040,
1100,600,850,A3040.116,A,3040,3626,A3040,
1200,600,850,A3040.126,A,3040,3795,A3040,
1300,600,850,A3040.136,A,3040,3964,A3040,
1400,600,850,A3040.146,A,3040,4491,A3040,
1500,600,850,A3040.156,A,3040,4660,A3040,
1600,600,850,A3040.166,A,3040,4829,A3040,
1700,600,850,A3040.176,A,3040,4997,A3040,
1800,600,850,A3040.186,A,3040,5166,A3040,
1900,600,850,A3040.196,A,3040,5564,A3040,
2000,600,850,A3040.206,A,3040,5799,A3040,
2100,600,850,A3040.216,A,3040,5967,A3040,
2200,600,850,A3040.226,A,3040,6136,A3040,
2300,600,850,A3040.236,A,3040,6305,A3040,
2400,600,850,A3040.246,A,3040,6474,A3040,
400,700,850,A3040.047,A,3040,2338,A3040,
500,700,850,A3040.057,A,3040,2518,A3040,
600,700,850,A3040.067,A,3040,2699,A3040,
700,700,850,A3040.077,A,3040,3109,A3040,
800,700,850,A3040.087,A,3040,3289,A3040,
900,700,850,A3040.097,A,3040,3470,A3040,
1000,700,850,A3040.107,A,3040,3651,A3040,
1100,700,850,A3040.117,A,3040,3832,A3040,
1200,700,850,A3040.127,A,3040,4012,A3040,
1300,700,850,A3040.137,A,3040,4193,A3040,
1400,700,850,A3040.147,A,3040,4734,A3040,
1500,700,850,A3040.157,A,3040,4915,A3040,
1600,700,850,A3040.167,A,3040,5095,A3040,
1700,700,850,A3040.177,A,3040,5276,A3040,
1800,700,850,A3040.187,A,3040,5457,A3040,
1900,700,850,A3040.197,A,3040,5867,A3040,
2000,700,850,A3040.207,A,3040,6124,A3040,
2100,700,850,A3040.217,A,3040,6305,A3040,
2200,700,850,A3040.227,A,3040,6485,A3040,
2300,700,850,A3040.237,A,3040,6667,A3040,
2400,700,850,A3040.247,A,3040,6847,A3040,
800,600,850,A3020.086,A,3020,3090,A3020,
900,600,850,A3020.096,A,3020,3270,A3020,
1000,600,850,A3020.106,A,3020,3450,A3020,
1100,600,850,A3020.116,A,3020,3629,A3020,
1200,600,850,A3020.126,A,3020,3844,A3020,
1300,600,850,A3020.136,A,3020,4024,A3020,
1400,600,850,A3020.146,A,3020,4204,A3020,
1500,600,850,A3020.156,A,3020,4383,A3020,
1600,600,850,A3020.166,A,3020,4563,A3020,
1700,600,850,A3020.176,A,3020,4912,A3020,
1800,600,850,A3020.186,A,3020,5092,A3020,
1900,600,850,A3020.196,A,3020,5271,A3020,
2000,600,850,A3020.206,A,3020,5609,A3020,
2100,600,850,A3020.216,A,3020,5788,A3020,
2200,600,850,A3020.226,A,3020,5968,A3020,
2300,600,850,A3020.236,A,3020,6148,A3020,
2400,600,850,A3020.246,A,3020,6328,A3020,
800,700,850,A3020.087,A,3020,3265,A3020,
900,700,850,A3020.097,A,3020,3456,A3020,
1000,700,850,A3020.107,A,3020,3648,A3020,
1100,700,850,A3020.117,A,3020,3841,A3020,
1200,700,850,A3020.127,A,3020,4068,A3020,
1300,700,850,A3020.137,A,3020,4259,A3020,
1400,700,850,A3020.147,A,3020,4452,A3020,
1500,700,850,A3020.157,A,3020,4644,A3020,
1600,700,850,A3020.167,A,3020,4835,A3020,
1700,700,850,A3020.177,A,3020,5198,A3020,
1800,700,850,A3020.187,A,3020,5390,A3020,
1900,700,850,A3020.197,A,3020,5582,A3020,
2000,700,850,A3020.207,A,3020,5942,A3020,
2100,700,850,A3020.217,A,3020,6134,A3020,
2200,700,850,A3020.227,A,3020,6327,A3020,
2300,700,850,A3020.237,A,3020,6518,A3020,
2400,700,850,A3020.247,A,3020,6710,A3020,
800,600,850,A3020.086-P,A,3020,3782,A3020,
900,600,850,A3020.096-P,A,3020,3994,A3020,
1000,600,850,A3020.106-P,A,3020,4207,A3020,
1100,600,850,A3020.116-P,A,3020,4420,A3020,
1200,600,850,A3020.126-P,A,3020,4703,A3020,
1300,600,850,A3020.136-P,A,3020,4915,A3020,
1400,600,850,A3020.146-P,A,3020,5128,A3020,
1500,600,850,A3020.156-P,A,3020,5341,A3020,
1600,600,850,A3020.166-P,A,3020,5553,A3020,
1700,600,850,A3020.176-P,A,3020,5923,A3020,
1800,600,850,A3020.186-P,A,3020,6135,A3020,
1900,600,850,A3020.196-P,A,3020,6348,A3020,
2000,600,850,A3020.206-P,A,3020,6725,A3020,
2100,600,850,A3020.216-P,A,3020,6937,A3020,
2200,600,850,A3020.226-P,A,3020,7151,A3020,
2300,600,850,A3020.236-P,A,3020,7363,A3020,
2400,600,850,A3020.246-P,A,3020,7576,A3020,
800,700,850,A3020.087-P,A,3020,3955,A3020,
900,700,850,A3020.097-P,A,3020,4180,A3020,
1000,700,850,A3020.107-P,A,3020,4405,A3020,
1100,700,850,A3020.117-P,A,3020,4630,A3020,
1200,700,850,A3020.127-P,A,3020,4926,A3020,
1300,700,850,A3020.137-P,A,3020,5151,A3020,
1400,700,850,A3020.147-P,A,3020,5376,A3020,
1500,700,850,A3020.157-P,A,3020,5601,A3020,
1600,700,850,A3020.167-P,A,3020,5826,A3020,
1700,700,850,A3020.177-P,A,3020,6209,A3020,
1800,700,850,A3020.187-P,A,3020,6434,A3020,
1900,700,850,A3020.197-P,A,3020,6659,A3020,
2000,700,850,A3020.207-P,A,3020,7058,A3020,
2100,700,850,A3020.217-P,A,3020,7283,A3020,
2200,700,850,A3020.227-P,A,3020,7508,A3020,
2300,700,850,A3020.237-P,A,3020,7733,A3020,
2400,700,850,A3020.247-P,A,3020,7958,A3020,
400,600,850,A3080.046/2,A,3080,2658,A3080,
500,600,850,A3080.056/2,A,3080,2867,A3080,
600,600,850,A3080.066/2,A,3080,3077,A3080,
400,700,850,A3080.047/2,A,3080,2866,A3080,
500,700,850,A3080.057/2,A,3080,3092,A3080,
600,700,850,A3080.067/2,A,3080,3319,A3080,
400,600,850,A3080.046/3,A,3080,2963,A3080,
500,600,850,A3080.056/3,A,3080,3194,A3080,
600,600,850,A3080.066/3,A,3080,3425,A3080,
400,700,850,A3080.047/3,A,3080,3203,A3080,
500,700,850,A3080.057/3,A,3080,3455,A3080,
600,700,850,A3080.067/3,A,3080,3707,A3080,
400,600,850,A3080.046/4,A,3080,3214,A3080,
500,600,850,A3080.056/4,A,3080,3466,A3080,
600,600,850,A3080.066/4,A,3080,3718,A3080,
400,700,850,A3080.047/4,A,3080,3485,A3080,
500,700,850,A3080.057/4,A,3080,3761,A3080,
600,700,850,A3080.067/4,A,3080,4039,A3080,
800,600,850,A3047.086,A,3047,4257,A3047,
900,600,850,A3047.096,A,3047,4433,A3047,
1000,600,850,A3047.106,A,3047,4617,A3047,
1100,600,850,A3047.116,A,3047,5078,A3047,
1200,600,850,A3047.126,A,3047,5253,A3047,
1300,600,850,A3047.136,A,3047,5429,A3047,
1400,600,850,A3047.146,A,3047,5605,A3047,
1500,600,850,A3047.156,A,3047,5781,A3047,
1600,600,850,A3047.166,A,3047,5957,A3047,
1700,600,850,A3047.176,A,3047,6133,A3047,
1800,600,850,A3047.186,A,3047,6737,A3047,
1900,600,850,A3047.196,A,3047,6913,A3047,
2000,600,850,A3047.206,A,3047,7157,A3047,
2100,600,850,A3047.216,A,3047,7333,A3047,
2200,600,850,A3047.226,A,3047,7509,A3047,
800,700,850,A3047.087,A,3047,4571,A3047,
900,700,850,A3047.097,A,3047,4759,A3047,
1000,700,850,A3047.107,A,3047,4948,A3047,
1100,700,850,A3047.117,A,3047,5282,A3047,
1200,700,850,A3047.127,A,3047,5470,A3047,
1300,700,850,A3047.137,A,3047,5659,A3047,
1400,700,850,A3047.147,A,3047,5847,A3047,
1500,700,850,A3047.157,A,3047,6036,A3047,
1600,700,850,A3047.167,A,3047,6224,A3047,
1700,700,850,A3047.177,A,3047,6412,A3047,
1800,700,850,A3047.187,A,3047,6975,A3047,
1900,700,850,A3047.197,A,3047,7164,A3047,
2000,700,850,A3047.207,A,3047,7434,A3047,
2100,700,850,A3047.217,A,3047,7622,A3047,
2200,700,850,A3047.227,A,3047,7811,A3047,
800,600,850,A3049.086,A,3049,4557,A3049,
900,600,850,A3049.096,A,3049,4720,A3049,
1000,600,850,A3049.106,A,3049,4884,A3049,
1100,600,850,A3049.116,A,3049,5352,A3049,
1200,600,850,A3049.126,A,3049,5516,A3049,
1300,600,850,A3049.136,A,3049,5679,A3049,
1400,600,850,A3049.146,A,3049,5843,A3049,
1500,600,850,A3049.156,A,3049,6006,A3049,
1600,600,850,A3049.166,A,3049,6169,A3049,
1700,600,850,A3049.176,A,3049,6333,A3049,
1800,600,850,A3049.186,A,3049,6922,A3049,
1900,600,850,A3049.196,A,3049,7085,A3049,
2000,600,850,A3049.206,A,3049,7320,A3049,
2100,600,850,A3049.216,A,3049,7483,A3049,
2200,600,850,A3049.226,A,3049,7647,A3049,
800,700,850,A3049.087,A,3049,4918,A3049,
900,700,850,A3049.097,A,3049,5094,A3049,
1000,700,850,A3049.107,A,3049,5271,A3049,
1100,700,850,A3049.117,A,3049,5602,A3049,
1200,700,850,A3049.127,A,3049,5779,A3049,
1300,700,850,A3049.137,A,3049,5956,A3049,
1400,700,850,A3049.147,A,3049,6132,A3049,
1500,700,850,A3049.157,A,3049,6308,A3049,
1600,700,850,A3049.167,A,3049,6484,A3049,
1700,700,850,A3049.177,A,3049,6661,A3049,
1800,700,850,A3049.187,A,3049,7227,A3049,
1900,700,850,A3049.197,A,3049,7461,A3049,
2000,700,850,A3049.207,A,3049,7720,A3049,
2100,700,850,A3049.217,A,3049,7897,A3049,
2200,700,850,A3049.227,A,3049,8073,A3049,
1200,600,850,A3027.126,A,3027,5372,A3027,
1300,600,850,A3027.136,A,3027,5580,A3027,
1400,600,850,A3027.146,A,3027,5788,A3027,
1500,600,850,A3027.156,A,3027,5996,A3027,
1600,600,850,A3027.166,A,3027,6242,A3027,
1700,600,850,A3027.176,A,3027,6450,A3027,
1800,600,850,A3027.186,A,3027,6658,A3027,
1900,600,850,A3027.196,A,3027,6866,A3027,
2000,600,850,A3027.206,A,3027,7240,A3027,
2100,600,850,A3027.216,A,3027,7627,A3027,
2200,600,850,A3027.226,A,3027,7836,A3027,
1200,700,850,A3027.127,A,3027,5713,A3027,
1300,700,850,A3027.137,A,3027,5934,A3027,
1400,700,850,A3027.147,A,3027,6155,A3027,
1500,700,850,A3027.157,A,3027,6376,A3027,
1600,700,850,A3027.167,A,3027,6634,A3027,
1700,700,850,A3027.177,A,3027,6855,A3027,
1800,700,850,A3027.187,A,3027,7076,A3027,
1900,700,850,A3027.197,A,3027,7297,A3027,
2000,700,850,A3027.207,A,3027,7696,A3027,
2100,700,850,A3027.217,A,3027,8098,A3027,
2200,700,850,A3027.227,A,3027,8319,A3027,
1200,600,850,A3029.126,A,3029,5576,A3029,
1300,600,850,A3029.136,A,3029,5773,A3029,
1400,600,850,A3029.146,A,3029,5970,A3029,
1500,600,850,A3029.156,A,3029,6167,A3029,
1600,600,850,A3029.166,A,3029,6399,A3029,
1700,600,850,A3029.176,A,3029,6596,A3029,
1800,600,850,A3029.186,A,3029,6793,A3029,
1900,600,850,A3029.196,A,3029,6989,A3029,
2000,600,850,A3029.206,A,3029,7344,A3029,
2100,600,850,A3029.216,A,3029,7710,A3029,
2200,600,850,A3029.226,A,3029,7907,A3029,
1200,700,850,A3029.127,A,3029,5985,A3029,
1300,700,850,A3029.137,A,3029,6194,A3029,
1400,700,850,A3029.147,A,3029,6403,A3029,
1500,700,850,A3029.157,A,3029,6612,A3029,
1600,700,850,A3029.167,A,3029,6857,A3029,
1700,700,850,A3029.177,A,3029,7066,A3029,
1800,700,850,A3029.187,A,3029,7275,A3029,
1900,700,850,A3029.197,A,3029,7484,A3029,
2000,700,850,A3029.207,A,3029,7862,A3029,
2100,700,850,A3029.217,A,3029,8241,A3029,
2200,700,850,A3029.227,A,3029,8451,A3029,
400,600,850,A3080/1.046,A,3080,2560,A3080,
500,600,850,A3080/1.056,A,3080,2727,A3080,
600,600,850,A3080/1.066,A,3080,2894,A3080,
400,700,850,A3080/1.047,A,3080,2680,A3080,
500,700,850,A3080/1.057,A,3080,2863,A3080,
600,700,850,A3080/1.067,A,3080,3045,A3080,
400,600,850,A3086.046,A,3086,2368,A3086,
500,600,850,A3086.056,A,3086,2567,A3086,
600,600,850,A3086.066,A,3086,2765,A3086,
400,700,850,A3086.047,A,3086,2471,A3086,
500,700,850,A3086.057,A,3086,2677,A3086,
600,700,850,A3086.067,A,3086,2883,A3086,
400,600,850,A3087.046,A,3087,2794,A3087,
500,600,850,A3087.056,A,3087,3008,A3087,
600,600,850,A3087.066,A,3087,3222,A3087,
400,700,850,A3087.047,A,3087,3003,A3087,
500,700,850,A3087.057,A,3087,3231,A3087,
600,700,850,A3087.067,A,3087,3460,A3087,
800,500,1800,A3088.085/1,A,3088,5680,A3088,
900,500,1800,A3088.095/1,A,3088,6011,A3088,
1000,500,1800,A3088.105/1,A,3088,6343,A3088,
1100,500,1800,A3088.115/1,A,3088,6675,A3088,
1200,500,1800,A3088.125/1,A,3088,7094,A3088,
1300,500,1800,A3088.135/1,A,3088,7693,A3088,
1400,500,1800,A3088.145/1,A,3088,8025,A3088,
1500,500,1800,A3088.155/1,A,3088,8357,A3088,
800,600,1800,A3088.086/1,A,3088,5970,A3088,
900,600,1800,A3088.096/1,A,3088,6320,A3088,
1000,600,1800,A3088.106/1,A,3088,6671,A3088,
1100,600,1800,A3088.116/1,A,3088,7022,A3088,
1200,600,1800,A3088.126/1,A,3088,7461,A3088,
1300,600,1800,A3088.136/1,A,3088,8082,A3088,
1400,600,1800,A3088.146/1,A,3088,8433,A3088,
1500,600,1800,A3088.156/1,A,3088,8784,A3088,
800,700,1800,A3088.087/1,A,3088,6259,A3088,
900,700,1800,A3088.097/1,A,3088,6630,A3088,
1000,700,1800,A3088.107/1,A,3088,7000,A3088,
1100,700,1800,A3088.117/1,A,3088,7370,A3088,
1200,700,1800,A3088.127/1,A,3088,7828,A3088,
1300,700,1800,A3088.137/1,A,3088,8471,A3088,
1400,700,1800,A3088.147/1,A,3088,8841,A3088,
1500,700,1800,A3088.157/1,A,3088,9211,A3088,
800,500,2000,A3088.085/2,A,3088,5939,A3088,
900,500,2000,A3088.095/2,A,3088,6290,A3088,
1000,500,2000,A3088.105/2,A,3088,6641,A3088,
1100,500,2000,A3088.115/2,A,3088,6992,A3088,
1200,500,2000,A3088.125/2,A,3088,7443,A3088,
1300,500,2000,A3088.135/2,A,3088,8079,A3088,
1400,500,2000,A3088.145/2,A,3088,8430,A3088,
1500,500,2000,A3088.155/2,A,3088,8781,A3088,
800,600,2000,A3088.086/2,A,3088,6242,A3088,
900,600,2000,A3088.096/2,A,3088,6612,A3088,
1000,600,2000,A3088.106/2,A,3088,6982,A3088,
1100,600,2000,A3088.116/2,A,3088,7352,A3088,
1200,600,2000,A3088.126/2,A,3088,7823,A3088,
1300,600,2000,A3088.136/2,A,3088,8481,A3088,
1400,600,2000,A3088.146/2,A,3088,8851,A3088,
1500,600,2000,A3088.156/2,A,3088,9221,A3088,
800,700,2000,A3088.087/2,A,3088,6545,A3088,
900,700,2000,A3088.097/2,A,3088,6934,A3088,
1000,700,2000,A3088.107/2,A,3088,7323,A3088,
1100,700,2000,A3088.117/2,A,3088,7713,A3088,
1200,700,2000,A3088.127/2,A,3088,8203,A3088,
1300,700,2000,A3088.137/2,A,3088,8882,A3088,
1400,700,2000,A3088.147/2,A,3088,9272,A3088,
1500,700,2000,A3088.157/2,A,3088,9661,A3088,
800,600,1800,A3089.086/1,A,3089,7034,A3089,
900,600,1800,A3089.096/1,A,3089,7438,A3089,
1000,600,1800,A3089.106/1,A,3089,7841,A3089,
1100,600,1800,A3089.116/1,A,3089,8245,A3089,
1200,600,1800,A3089.126/1,A,3089,8818,A3089,
1300,600,1800,A3089.136/1,A,3089,9455,A3089,
1400,600,1800,A3089.146/1,A,3089,9858,A3089,
1500,600,1800,A3089.156/1,A,3089,10262,A3089,
800,700,1800,A3089.087/1,A,3089,7317,A3089,
900,700,1800,A3089.097/1,A,3089,7739,A3089,
1000,700,1800,A3089.107/1,A,3089,8162,A3089,
1100,700,1800,A3089.117/1,A,3089,8583,A3089,
1200,700,1800,A3089.127/1,A,3089,9176,A3089,
1300,700,1800,A3089.137/1,A,3089,9834,A3089,
1400,700,1800,A3089.147/1,A,3089,10256,A3089,
1500,700,1800,A3089.157/1,A,3089,10678,A3089,
800,600,2000,A3089.086/2,A,3089,7367,A3089,
900,600,2000,A3089.096/2,A,3089,7794,A3089,
1000,600,2000,A3089.106/2,A,3089,8222,A3089,
1100,600,2000,A3089.116/2,A,3089,8650,A3089,
1200,600,2000,A3089.126/2,A,3089,9274,A3089,
1300,600,2000,A3089.136/2,A,3089,9949,A3089,
1400,600,2000,A3089.146/2,A,3089,10377,A3089,
1500,600,2000,A3089.156/2,A,3089,10805,A3089,
800,700,2000,A3089.087/2,A,3089,7660,A3089,
900,700,2000,A3089.097/2,A,3089,8108,A3089,
1000,700,2000,A3089.107/2,A,3089,8555,A3089,
1100,700,2000,A3089.117/2,A,3089,9002,A3089,
1200,700,2000,A3089.127/2,A,3089,9644,A3089,
1300,700,2000,A3089.137/2,A,3089,10340,A3089,
1400,700,2000,A3089.147/2,A,3089,10787,A3089,
1500,700,2000,A3089.157/2,A,3089,11234,A3089,
400,500,1800,A3090.045/1,A,3090,3428,A3090,
500,500,1800,A3090.055/1,A,3090,3720,A3090,
600,500,1800,A3090.065/1,A,3090,4011,A3090,
400,600,1800,A3090.046/1,A,3090,3630,A3090,
500,600,1800,A3090.056/1,A,3090,3940,A3090,
600,600,1800,A3090.066/1,A,3090,4251,A3090,
400,700,1800,A3090.047/1,A,3090,3833,A3090,
500,700,1800,A3090.057/1,A,3090,4161,A3090,
600,700,1800,A3090.067/1,A,3090,4490,A3090,
400,500,2000,A3090.045/2,A,3090,3614,A3090,
500,500,2000,A3090.055/2,A,3090,3924,A3090,
600,500,2000,A3090.065/2,A,3090,4234,A3090,
400,600,2000,A3090.046/2,A,3090,3828,A3090,
500,600,2000,A3090.056/2,A,3090,4157,A3090,
600,600,2000,A3090.066/2,A,3090,4486,A3090,
400,700,2000,A3090.047/2,A,3090,4043,A3090,
500,700,2000,A3090.057/2,A,3090,4390,A3090,
600,700,2000,A3090.067/2,A,3090,4737,A3090,
700,500,1800,A3092.075/1,A,3092,4942,A3092,
800,500,1800,A3092.085/1,A,3092,5242,A3092,
900,500,1800,A3092.095/1,A,3092,5541,A3092,
1000,500,1800,A3092.105/1,A,3092,5841,A3092,
1100,500,1800,A3092.115/1,A,3092,6140,A3092,
1200,500,1800,A3092.125/1,A,3092,6440,A3092,
700,600,1800,A3092.075/1,A,3092,5206,A3092,
800,600,1800,A3092.085/1,A,3092,5525,A3092,
900,600,1800,A3092.095/1,A,3092,5843,A3092,
1000,600,1800,A3092.105/1,A,3092,6162,A3092,
1100,600,1800,A3092.115/1,A,3092,6480,A3092,
1200,600,1800,A3092.125/1,A,3092,6798,A3092,
700,700,1800,A3092.075/1,A,3092,5471,A3092,
800,700,1800,A3092.085/1,A,3092,5808,A3092,
900,700,1800,A3092.095/1,A,3092,6145,A3092,
1000,700,1800,A3092.105/1,A,3092,6482,A3092,
1100,700,1800,A3092.115/1,A,3092,6820,A3092,
1200,700,1800,A3092.125/1,A,3092,7157,A3092,
700,500,2000,A3092.075/2,A,3092,5204,A3092,
800,500,2000,A3092.085/2,A,3092,5522,A3092,
900,500,2000,A3092.095/2,A,3092,5841,A3092,
1000,500,2000,A3092.105/2,A,3092,6159,A3092,
1100,500,2000,A3092.115/2,A,3092,6477,A3092,
1200,500,2000,A3092.125/2,A,3092,6796,A3092,
700,600,2000,A3092.075/2,A,3092,5481,A3092,
800,600,2000,A3092.085/2,A,3092,5818,A3092,
900,600,2000,A3092.095/2,A,3092,6155,A3092,
1000,600,2000,A3092.105/2,A,3092,6492,A3092,
1100,600,2000,A3092.115/2,A,3092,6829,A3092,
1200,600,2000,A3092.125/2,A,3092,7167,A3092,
700,700,2000,A3092.075/2,A,3092,5758,A3092,
800,700,2000,A3092.085/2,A,3092,6114,A3092,
900,700,2000,A3092.095/2,A,3092,6470,A3092,
1000,700,2000,A3092.105/2,A,3092,6826,A3092,
1100,700,2000,A3092.115/2,A,3092,7182,A3092,
1200,700,2000,A3092.125/2,A,3092,7538,A3092,
400,500,1800,A3094.045/1,A,3094,3183,A3094,
500,500,1800,A3094.055/1,A,3094,3424,A3094,
600,500,1800,A3094.065/1,A,3094,3665,A3094,
400,600,1800,A3094.046/1,A,3094,3359,A3094,
500,600,1800,A3094.056/1,A,3094,3610,A3094,
600,600,1800,A3094.066/1,A,3094,3862,A3094,
400,700,1800,A3094.047/1,A,3094,3534,A3094,
500,700,1800,A3094.057/1,A,3094,3797,A3094,
600,700,1800,A3094.067/1,A,3094,4060,A3094,
400,500,2000,A3094.045/2,A,3094,3377,A3094,
500,500,2000,A3094.055/2,A,3094,3637,A3094,
600,500,2000,A3094.065/2,A,3094,3897,A3094,
400,600,2000,A3094.046/2,A,3094,3565,A3094,
500,600,2000,A3094.056/2,A,3094,3836,A3094,
600,600,2000,A3094.066/2,A,3094,4107,A3094,
400,700,2000,A3094.047/2,A,3094,3753,A3094,
500,700,2000,A3094.057/2,A,3094,4036,A3094,
600,700,2000,A3094.067/2,A,3094,4318,A3094,
400,400,350,3184.044,A,3184,579,3184,
500,400,350,3184.054,A,3184,605,3184,
600,400,350,3184.064,A,3184,630,3184,
700,400,350,3184.074,A,3184,656,3184,
800,400,350,3184.084,A,3184,681,3184,
900,400,350,3184.094,A,3184,707,3184,
1000,400,350,3184.104,A,3184,733,3184,
1100,400,350,3184.114,A,3184,759,3184,
1200,400,350,3184.124,A,3184,784,3184,
1300,400,350,3184.134,A,3184,810,3184,
1400,400,350,3184.144,A,3184,835,3184,
1500,400,350,3184.154,A,3184,861,3184,
1600,400,350,3184.164,A,3184,887,3184,
1700,400,350,3184.174,A,3184,913,3184,
1800,400,350,3184.184,A,3184,938,3184,
1900,400,350,3184.194,A,3184,964,3184,
2000,400,350,3184.204,A,3184,989,3184,
2100,400,350,3184.214,A,3184,1151,3184,
2200,400,350,3184.224,A,3184,1177,3184,
2300,400,350,3184.234,A,3184,1203,3184,
2400,400,350,3184.244,A,3184,1228,3184,
2500,400,350,3184.254,A,3184,1254,3184,
400,300,700,3185.043,A,3185,871,3185,
500,300,700,3185.053,A,3185,911,3185,
600,300,700,3185.063,A,3185,951,3185,
700,300,700,3185.073,A,3185,992,3185,
800,300,700,3185.083,A,3185,1032,3185,
900,300,700,3185.093,A,3185,1073,3185,
1000,300,700,3185.103,A,3185,1113,3185,
1100,300,700,3185.113,A,3185,1153,3185,
1200,300,700,3185.123,A,3185,1194,3185,
1300,300,700,3185.133,A,3185,1234,3185,
1400,300,700,3185.143,A,3185,1275,3185,
1500,300,700,3185.153,A,3185,1315,3185,
1600,300,700,3185.163,A,3185,1355,3185,
1700,300,700,3185.173,A,3185,1396,3185,
1800,300,700,3185.183,A,3185,1436,3185,
1900,300,700,3185.193,A,3185,1477,3185,
2000,300,700,3185.203,A,3185,1517,3185,
2100,300,700,3185.213,A,3185,1720,3185,
2200,300,700,3185.223,A,3185,1761,3185,
2300,300,700,3185.233,A,3185,1801,3185,
2400,300,700,3185.243,A,3185,1842,3185,
2500,300,700,3185.253,A,3185,1882,3185,
400,400,700,3185.044,A,3185,922,3185,
500,400,700,3185.054,A,3185,973,3185,
600,400,700,3185.064,A,3185,1024,3185,
700,400,700,3185.074,A,3185,1075,3185,
800,400,700,3185.084,A,3185,1126,3185,
900,400,700,3185.094,A,3185,1177,3185,
1000,400,700,3185.104,A,3185,1228,3185,
1100,400,700,3185.114,A,3185,1279,3185,
1200,400,700,3185.124,A,3185,1330,3185,
1300,400,700,3185.134,A,3185,1381,3185,
1400,400,700,3185.144,A,3185,1433,3185,
1500,400,700,3185.154,A,3185,1483,3185,
1600,400,700,3185.164,A,3185,1535,3185,
1700,400,700,3185.174,A,3185,1585,3185,
1800,400,700,3185.184,A,3185,1637,3185,
1900,400,700,3185.194,A,3185,1688,3185,
2000,400,700,3185.204,A,3185,1739,3185,
2100,400,700,3185.214,A,3185,1953,3185,
2200,400,700,3185.224,A,3185,2004,3185,
2300,400,700,3185.234,A,3185,2055,3185,
2400,400,700,3185.244,A,3185,2106,3185,
2500,400,700,3185.254,A,3185,2157,3185,
450,660,850,A3580.100,A,3580,2814,A3580,
450,320,180,A7067.100,A,7067,912,A7067,
450,320,130,A7066.100,A,7066,817,A7066,
500,500,300,A3521-P.055,A,3521,1413,A3521,
500,600,300,A3521-P.056,A,3521,1565,A3521,
500,600,660,A3521.056,A,3521,1759,A3521,
600,600,660,A3521.066,A,3521,1819,A3521,
500,700,660,A3521.057,A,3521,1792,A3521,
600,700,660,A3521.067,A,3521,1857,A3521,
700,720,850,A3561-Z.077,A,3561,2423,A3561,
800,720,850,A3561-Z.087,A,3561,2508,A3561,
900,720,850,A3561-Z.097,A,3561,2592,A3561,
1000,720,850,A3561-Z.107,A,3561,2677,A3561,
1100,720,850,A3561-Z.117,A,3561,2762,A3561,
1200,720,850,A3561-Z.127,A,3561,2847,A3561,
1300,720,850,A3561-Z.137,A,3561,2932,A3561,
1400,720,850,A3561-Z.147,A,3561,3017,A3561,
1500,720,850,A3561-Z.157,A,3561,3102,A3561,
700,720,850,A3571-Z.077,A,3571,1571,A3571,
800,720,850,A3571-Z.087,A,3571,1658,A3571,
900,720,850,A3571-Z.097,A,3571,1746,A3571,
1000,720,850,A3571-Z.107,A,3571,1834,A3571,
1100,720,850,A3571-Z.117,A,3571,1921,A3571,
1200,720,850,A3571-Z.127,A,3571,2008,A3571,
1300,720,850,A3571-Z.137,A,3571,2096,A3571,
1400,720,850,A3571-Z.147,A,3571,2184,A3571,
1500,720,850,A3571-Z.157,A,3571,2271,A3571,
600,300,700,A3195.063,A,3195,2445,A3195,
700,300,700,A3195.073,A,3195,2543,A3195,
800,300,700,A3195.083,A,3195,2784,A3195,
900,300,700,A3195.093,A,3195,2883,A3195,
1000,300,700,A3195.103,A,3195,3231,A3195,
1100,300,700,A3195.113,A,3195,3330,A3195,
1200,300,700,A3195.123,A,3195,3427,A3195,
1300,300,700,A3195.133,A,3195,3668,A3195,
1400,300,700,A3195.143,A,3195,3873,A3195,
1500,300,700,A3195.153,A,3195,4171,A3195,
1600,300,700,A3195.163,A,3195,4270,A3195,
1700,300,700,A3195.173,A,3195,4367,A3195,
1800,300,700,A3195.183,A,3195,4773,A3195,
1900,300,700,A3195.193,A,3195,4870,A3195,
2000,300,700,A3195.203,A,3195,5170,A3195,
2100,300,700,A3195.213,A,3195,5428,A3195,
2200,300,700,A3195.223,A,3195,5633,A3195,
600,400,700,A3195.064,A,3195,2783,A3195,
700,400,700,A3195.074,A,3195,2903,A3195,
800,400,700,A3195.084,A,3195,3165,A3195,
900,400,700,A3195.094,A,3195,3284,A3195,
1000,400,700,A3195.104,A,3195,3653,A3195,
1100,400,700,A3195.114,A,3195,3773,A3195,
1200,400,700,A3195.124,A,3195,3891,A3195,
1300,400,700,A3195.134,A,3195,4153,A3195,
1400,400,700,A3195.144,A,3195,4379,A3195,
1500,400,700,A3195.154,A,3195,4698,A3195,
1600,400,700,A3195.164,A,3195,4818,A3195,
1700,400,700,A3195.174,A,3195,4935,A3195,
1800,400,700,A3195.184,A,3195,5363,A3195,
1900,400,700,A3195.194,A,3195,5481,A3195,
2000,400,700,A3195.204,A,3195,5802,A3195,
2100,400,700,A3195.214,A,3195,6080,A3195,
2200,400,700,A3195.224,A,3195,6306,A3195,
600,600,400,A3145.066.4,A,3145,784,A3145,
600,600,500,A3145.066.5,A,3145,852,A3145,
840,570,850,A3141,A,3141,1661,A3141,-16
840,570,850,A3142,A,3142,1936,A3142,-15
850,640,850,A3144,A,3144,2688,A3144,-9
380,380,575,6010.001,A,010.,992,6010.,
700,500,950,A6003.075,A,6003,1448,A6003,
800,500,950,A6003.085,A,6003,1524,A6003,
900,500,950,A6003.095,A,6003,1600,A6003,
1000,500,950,A6003.105,A,6003,1676,A6003,
1100,500,950,A6003.115,A,6003,1752,A6003,
700,600,950,A6003.076,A,6003,1503,A6003,
800,600,950,A6003.086,A,6003,1585,A6003,
900,600,950,A6003.096,A,6003,1668,A6003,
1000,600,950,A6003.106,A,6003,1751,A6003,
1100,600,950,A6003.116,A,6003,1833,A6003,
800,500,950,A6001.085/2,A,6001,1387,A6001,
900,500,950,A6001.095/2,A,6001,1433,A6001,
1000,500,950,A6001.105/2,A,6001,1480,A6001,
800,600,950,A6001.086/2,A,6001,1463,A6001,
900,600,950,A6001.096/2,A,6001,1518,A6001,
1000,600,950,A6001.106/2,A,6001,1573,A6001,
800,500,950,A6001.085/3,A,6001,1680,A6001,
900,500,950,A6001.095/3,A,6001,1750,A6001,
1000,500,950,A6001.105/3,A,6001,1820,A6001,
800,600,950,A6001.086/3,A,6001,1792,A6001,
900,600,950,A6001.096/3,A,6001,1874,A6001,
1000,600,950,A6001.106/3,A,6001,1956,A6001,
800,500,850,A6001.085/2-B,A,6001,1371,A6001,
900,500,850,A6001.095/2-B,A,6001,1417,A6001,
1000,500,850,A6001.105/2-B,A,6001,1464,A6001,
800,600,850,A6001.086/2-B,A,6001,1444,A6001,
900,600,850,A6001.096/2-B,A,6001,1499,A6001,
1000,600,850,A6001.106/2-B,A,6001,1554,A6001,
800,500,850,A6001.085/3-B,A,6001,1664,A6001,
900,500,850,A6001.095/3-B,A,6001,1734,A6001,
1000,500,850,A6001.105/3-B,A,6001,1804,A6001,
800,600,850,A6001.086/3-B,A,6001,1773,A6001,
900,600,850,A6001.096/3-B,A,6001,1855,A6001,
1000,600,850,A6001.106/3-B,A,6001,1937,A6001,
380,560,1800,A7072.046,A,7072,2035,A7072,
735,560,1800,A7072.086,A,7072,3111,A7072,
460,635,1800,A7074.056/10,A,7074,2164,A7074,
500,400,1800,A7058.054/1,A,7058,1466,A7058,
600,400,1800,A7058.064/1,A,7058,1552,A7058,
700,400,1800,A7058.074/1,A,7058,1639,A7058,
800,400,1800,A7058.084/1,A,7058,1726,A7058,
900,400,1800,A7058.094/1,A,7058,1813,A7058,
1000,400,1800,A7058.104/1,A,7058,1901,A7058,
1100,400,1800,A7058.114/1,A,7058,1990,A7058,
1200,400,1800,A7058.124/1,A,7058,2078,A7058,
1300,400,1800,A7058.134/1,A,7058,2166,A7058,
1400,400,1800,A7058.144/1,A,7058,2255,A7058,
1500,400,1800,A7058.154/1,A,7058,2343,A7058,
500,500,1800,A7058.055/1,A,7058,1577,A7058,
600,500,1800,A7058.065/1,A,7058,1681,A7058,
700,500,1800,A7058.075/1,A,7058,1786,A7058,
800,500,1800,A7058.085/1,A,7058,1891,A7058,
900,500,1800,A7058.095/1,A,7058,1996,A7058,
1000,500,1800,A7058.105/1,A,7058,2101,A7058,
1100,500,1800,A7058.115/1,A,7058,2207,A7058,
1200,500,1800,A7058.125/1,A,7058,2313,A7058,
1300,500,1800,A7058.135/1,A,7058,2419,A7058,
1400,500,1800,A7058.145/1,A,7058,2526,A7058,
1500,500,1800,A7058.155/1,A,7058,2632,A7058,
500,600,1800,A7058.056/1,A,7058,1688,A7058,
600,600,1800,A7058.066/1,A,7058,1810,A7058,
700,600,1800,A7058.076/1,A,7058,1932,A7058,
800,600,1800,A7058.086/1,A,7058,2055,A7058,
900,600,1800,A7058.096/1,A,7058,2178,A7058,
1000,600,1800,A7058.106/1,A,7058,2301,A7058,
1100,600,1800,A7058.116/1,A,7058,2425,A7058,
1200,600,1800,A7058.126/1,A,7058,2549,A7058,
1300,600,1800,A7058.136/1,A,7058,2673,A7058,
1400,600,1800,A7058.146/1,A,7058,2796,A7058,
1500,600,1800,A7058.156/1,A,7058,2921,A7058,
500,700,1800,A7058.057/1,A,7058,1799,A7058,
600,700,1800,A7058.067/1,A,7058,1939,A7058,
700,700,1800,A7058.077/1,A,7058,2079,A7058,
800,700,1800,A7058.087/1,A,7058,2219,A7058,
900,700,1800,A7058.097/1,A,7058,2360,A7058,
1000,700,1800,A7058.107/1,A,7058,2501,A7058,
1100,700,1800,A7058.117/1,A,7058,2642,A7058,
1200,700,1800,A7058.127/1,A,7058,2784,A7058,
500,400,2000,A7058.054/2,A,7058,1549,A7058,
600,400,2000,A7058.064/2,A,7058,1636,A7058,
700,400,2000,A7058.074/2,A,7058,1723,A7058,
800,400,2000,A7058.084/2,A,7058,1810,A7058,
900,400,2000,A7058.094/2,A,7058,1897,A7058,
1000,400,2000,A7058.104/2,A,7058,1985,A7058,
1100,400,2000,A7058.114/2,A,7058,2073,A7058,
1200,400,2000,A7058.124/2,A,7058,2162,A7058,
1300,400,2000,A7058.134/2,A,7058,2250,A7058,
1400,400,2000,A7058.144/2,A,7058,2338,A7058,
1500,400,2000,A7058.154/2,A,7058,2427,A7058,
500,500,2000,A7058.055/2,A,7058,1660,A7058,
600,500,2000,A7058.065/2,A,7058,1765,A7058,
700,500,2000,A7058.075/2,A,7058,1869,A7058,
800,500,2000,A7058.085/2,A,7058,1974,A7058,
900,500,2000,A7058.095/2,A,7058,2080,A7058,
1000,500,2000,A7058.105/2,A,7058,2185,A7058,
1100,500,2000,A7058.115/2,A,7058,2291,A7058,
1200,500,2000,A7058.125/2,A,7058,2397,A7058,
1300,500,2000,A7058.135/2,A,7058,2503,A7058,
1400,500,2000,A7058.145/2,A,7058,2610,A7058,
1500,500,2000,A7058.155/2,A,7058,2716,A7058,
500,600,2000,A7058.056/2,A,7058,1772,A7058,
600,600,2000,A7058.066/2,A,7058,1894,A7058,
700,600,2000,A7058.076/2,A,7058,2016,A7058,
800,600,2000,A7058.086/2,A,7058,2139,A7058,
900,600,2000,A7058.096/2,A,7058,2261,A7058,
1000,600,2000,A7058.106/2,A,7058,2385,A7058,
1100,600,2000,A7058.116/2,A,7058,2509,A7058,
1200,600,2000,A7058.126/2,A,7058,2632,A7058,
1300,600,2000,A7058.136/2,A,7058,2756,A7058,
1400,600,2000,A7058.146/2,A,7058,2880,A7058,
1500,600,2000,A7058.156/2,A,7058,3004,A7058,
500,700,2000,A7058.057/2,A,7058,1883,A7058,
600,700,2000,A7058.067/2,A,7058,2022,A7058,
700,700,2000,A7058.077/2,A,7058,2163,A7058,
800,700,2000,A7058.087/2,A,7058,2303,A7058,
900,700,2000,A7058.097/2,A,7058,2444,A7058,
1000,700,2000,A7058.107/2,A,7058,2585,A7058,
1100,700,2000,A7058.117/2,A,7058,2726,A7058,
1200,700,2000,A7058.127/2,A,7058,2868,A7058,
500,400,1800,A7058.054/1-P,A,7058,1562,A7058,
600,400,1800,A7058.064/1-P,A,7058,1649,A7058,
700,400,1800,A7058.074/1-P,A,7058,1736,A7058,
800,400,1800,A7058.084/1-P,A,7058,1823,A7058,
900,400,1800,A7058.094/1-P,A,7058,1910,A7058,
1000,400,1800,A7058.104/1-P,A,7058,1998,A7058,
1100,400,1800,A7058.114/1-P,A,7058,2087,A7058,
1200,400,1800,A7058.124/1-P,A,7058,2175,A7058,
1300,400,1800,A7058.134/1-P,A,7058,2263,A7058,
1400,400,1800,A7058.144/1-P,A,7058,2352,A7058,
1500,400,1800,A7058.154/1-P,A,7058,2440,A7058,
500,500,1800,A7058.055/1-P,A,7058,1673,A7058,
600,500,1800,A7058.065/1-P,A,7058,1778,A7058,
700,500,1800,A7058.075/1-P,A,7058,1882,A7058,
800,500,1800,A7058.085/1-P,A,7058,1988,A7058,
900,500,1800,A7058.095/1-P,A,7058,2093,A7058,
1000,500,1800,A7058.105/1-P,A,7058,2198,A7058,
1100,500,1800,A7058.115/1-P,A,7058,2304,A7058,
1200,500,1800,A7058.125/1-P,A,7058,2410,A7058,
1300,500,1800,A7058.135/1-P,A,7058,2516,A7058,
1400,500,1800,A7058.145/1-P,A,7058,2623,A7058,
1500,500,1800,A7058.155/1-P,A,7058,2729,A7058,
500,600,1800,A7058.056/1-P,A,7058,1785,A7058,
600,600,1800,A7058.066/1-P,A,7058,1907,A7058,
700,600,1800,A7058.076/1-P,A,7058,2029,A7058,
800,600,1800,A7058.086/1-P,A,7058,2152,A7058,
900,600,1800,A7058.096/1-P,A,7058,2275,A7058,
1000,600,1800,A7058.106/1-P,A,7058,2398,A7058,
1100,600,1800,A7058.116/1-P,A,7058,2522,A7058,
1200,600,1800,A7058.126/1-P,A,7058,2646,A7058,
1300,600,1800,A7058.136/1-P,A,7058,2769,A7058,
1400,600,1800,A7058.146/1-P,A,7058,2893,A7058,
1500,600,1800,A7058.156/1-P,A,7058,3017,A7058,
500,700,1800,A7058.057/1-P,A,7058,1896,A7058,
600,700,1800,A7058.067/1-P,A,7058,2035,A7058,
700,700,1800,A7058.077/1-P,A,7058,2176,A7058,
800,700,1800,A7058.087/1-P,A,7058,2316,A7058,
900,700,1800,A7058.097/1-P,A,7058,2457,A7058,
1000,700,1800,A7058.107/1-P,A,7058,2598,A7058,
1100,700,1800,A7058.117/1-P,A,7058,2739,A7058,
1200,700,1800,A7058.127/1-P,A,7058,2881,A7058,
500,400,2000,A7058.054/2-P,A,7058,1621,A7058,
600,400,2000,A7058.064/2-P,A,7058,1707,A7058,
700,400,2000,A7058.074/2-P,A,7058,1792,A7058,
800,400,2000,A7058.084/2-P,A,7058,1878,A7058,
900,400,2000,A7058.094/2-P,A,7058,1964,A7058,
1000,400,2000,A7058.104/2-P,A,7058,2051,A7058,
1100,400,2000,A7058.114/2-P,A,7058,2138,A7058,
1200,400,2000,A7058.124/2-P,A,7058,2225,A7058,
1300,400,2000,A7058.134/2-P,A,7058,2312,A7058,
1400,400,2000,A7058.144/2-P,A,7058,2399,A7058,
1500,400,2000,A7058.154/2-P,A,7058,2486,A7058,
500,500,2000,A7058.055/2-P,A,7058,1731,A7058,
600,500,2000,A7058.065/2-P,A,7058,1833,A7058,
700,500,2000,A7058.075/2-P,A,7058,1936,A7058,
800,500,2000,A7058.085/2-P,A,7058,2040,A7058,
900,500,2000,A7058.095/2-P,A,7058,2144,A7058,
1000,500,2000,A7058.105/2-P,A,7058,2248,A7058,
1100,500,2000,A7058.115/2-P,A,7058,2352,A7058,
1200,500,2000,A7058.125/2-P,A,7058,2456,A7058,
1300,500,2000,A7058.135/2-P,A,7058,2561,A7058,
1400,500,2000,A7058.145/2-P,A,7058,2666,A7058,
1500,500,2000,A7058.155/2-P,A,7058,2771,A7058,
500,600,2000,A7058.056/2-P,A,7058,1840,A7058,
600,600,2000,A7058.066/2-P,A,7058,1961,A7058,
700,600,2000,A7058.076/2-P,A,7058,2081,A7058,
800,600,2000,A7058.086/2-P,A,7058,2202,A7058,
900,600,2000,A7058.096/2-P,A,7058,2323,A7058,
1000,600,2000,A7058.106/2-P,A,7058,2444,A7058,
1100,600,2000,A7058.116/2-P,A,7058,2566,A7058,
1200,600,2000,A7058.126/2-P,A,7058,2688,A7058,
1300,600,2000,A7058.136/2-P,A,7058,2810,A7058,
1400,600,2000,A7058.146/2-P,A,7058,2932,A7058,
1500,600,2000,A7058.156/2-P,A,7058,3054,A7058,
500,700,2000,A7058.057/2-P,A,7058,1950,A7058,
600,700,2000,A7058.067/2-P,A,7058,2087,A7058,
700,700,2000,A7058.077/2-P,A,7058,2225,A7058,
800,700,2000,A7058.087/2-P,A,7058,2363,A7058,
900,700,2000,A7058.097/2-P,A,7058,2502,A7058,
1000,700,2000,A7058.107/2-P,A,7058,2641,A7058,
1100,700,2000,A7058.117/2-P,A,7058,2780,A7058,
1200,700,2000,A7058.127/2-P,A,7058,2920,A7058,
500,400,1800,A7058.054/1-G,A,7058,2008,A7058,
600,400,1800,A7058.064/1-G,A,7058,2116,A7058,
700,400,1800,A7058.074/1-G,A,7058,2225,A7058,
800,400,1800,A7058.084/1-G,A,7058,2333,A7058,
900,400,1800,A7058.094/1-G,A,7058,2442,A7058,
1000,400,1800,A7058.104/1-G,A,7058,2550,A7058,
1100,400,1800,A7058.114/1-G,A,7058,2660,A7058,
1200,400,1800,A7058.124/1-G,A,7058,2770,A7058,
1300,400,1800,A7058.134/1-G,A,7058,2879,A7058,
1400,400,1800,A7058.144/1-G,A,7058,2989,A7058,
1500,400,1800,A7058.154/1-G,A,7058,3099,A7058,
500,500,1800,A7058.055/1-G,A,7058,2100,A7058,
600,500,1800,A7058.065/1-G,A,7058,2221,A7058,
700,500,1800,A7058.075/1-G,A,7058,2343,A7058,
800,500,1800,A7058.085/1-G,A,7058,2465,A7058,
900,500,1800,A7058.095/1-G,A,7058,2587,A7058,
1000,500,1800,A7058.105/1-G,A,7058,2710,A7058,
1100,500,1800,A7058.115/1-G,A,7058,2833,A7058,
1200,500,1800,A7058.125/1-G,A,7058,2956,A7058,
1300,500,1800,A7058.135/1-G,A,7058,3079,A7058,
1400,500,1800,A7058.145/1-G,A,7058,3202,A7058,
1500,500,1800,A7058.155/1-G,A,7058,3326,A7058,
500,600,1800,A7058.056/1-G,A,7058,2193,A7058,
600,600,1800,A7058.066/1-G,A,7058,2327,A7058,
700,600,1800,A7058.076/1-G,A,7058,2462,A7058,
800,600,1800,A7058.086/1-G,A,7058,2598,A7058,
900,600,1800,A7058.096/1-G,A,7058,2733,A7058,
1000,600,1800,A7058.106/1-G,A,7058,2869,A7058,
1100,600,1800,A7058.116/1-G,A,7058,3005,A7058,
1200,600,1800,A7058.126/1-G,A,7058,3142,A7058,
1300,600,1800,A7058.136/1-G,A,7058,3278,A7058,
1400,600,1800,A7058.146/1-G,A,7058,3414,A7058,
1500,600,1800,A7058.156/1-G,A,7058,3552,A7058,
500,700,1800,A7058.057/1-G,A,7058,2284,A7058,
600,700,1800,A7058.067/1-G,A,7058,2433,A7058,
700,700,1800,A7058.077/1-G,A,7058,2582,A7058,
800,700,1800,A7058.087/1-G,A,7058,2730,A7058,
900,700,1800,A7058.097/1-G,A,7058,2879,A7058,
1000,700,1800,A7058.107/1-G,A,7058,3028,A7058,
1100,700,1800,A7058.117/1-G,A,7058,3178,A7058,
1200,700,1800,A7058.127/1-G,A,7058,3327,A7058,
500,400,2000,A7058.054/2-G,A,7058,1999,A7058,
600,400,2000,A7058.064/2-G,A,7058,2104,A7058,
700,400,2000,A7058.074/2-G,A,7058,2210,A7058,
800,400,2000,A7058.084/2-G,A,7058,2316,A7058,
900,400,2000,A7058.094/2-G,A,7058,2422,A7058,
1000,400,2000,A7058.104/2-G,A,7058,2529,A7058,
1100,400,2000,A7058.114/2-G,A,7058,2636,A7058,
1200,400,2000,A7058.124/2-G,A,7058,2743,A7058,
1300,400,2000,A7058.134/2-G,A,7058,2850,A7058,
1400,400,2000,A7058.144/2-G,A,7058,2958,A7058,
1500,400,2000,A7058.154/2-G,A,7058,3066,A7058,
500,500,2000,A7058.055/2-G,A,7058,2089,A7058,
600,500,2000,A7058.065/2-G,A,7058,2207,A7058,
700,500,2000,A7058.075/2-G,A,7058,2326,A7058,
800,500,2000,A7058.085/2-G,A,7058,2445,A7058,
900,500,2000,A7058.095/2-G,A,7058,2565,A7058,
1000,500,2000,A7058.105/2-G,A,7058,2685,A7058,
1100,500,2000,A7058.115/2-G,A,7058,2805,A7058,
1200,500,2000,A7058.125/2-G,A,7058,2925,A7058,
1300,500,2000,A7058.135/2-G,A,7058,3046,A7058,
1400,500,2000,A7058.145/2-G,A,7058,3166,A7058,
1500,500,2000,A7058.155/2-G,A,7058,3287,A7058,
500,600,2000,A7058.056/2-G,A,7058,2179,A7058,
600,600,2000,A7058.066/2-G,A,7058,2311,A7058,
700,600,2000,A7058.076/2-G,A,7058,2443,A7058,
800,600,2000,A7058.086/2-G,A,7058,2575,A7058,
900,600,2000,A7058.096/2-G,A,7058,2707,A7058,
1000,600,2000,A7058.106/2-G,A,7058,2840,A7058,
1100,600,2000,A7058.116/2-G,A,7058,2974,A7058,
1200,600,2000,A7058.126/2-G,A,7058,3107,A7058,
1300,600,2000,A7058.136/2-G,A,7058,3240,A7058,
1400,600,2000,A7058.146/2-G,A,7058,3374,A7058,
1500,600,2000,A7058.156/2-G,A,7058,3508,A7058,
500,700,2000,A7058.057/2-G,A,7058,2269,A7058,
600,700,2000,A7058.067/2-G,A,7058,2414,A7058,
700,700,2000,A7058.077/2-G,A,7058,2559,A7058,
800,700,2000,A7058.087/2-G,A,7058,2704,A7058,
900,700,2000,A7058.097/2-G,A,7058,2850,A7058,
1000,700,2000,A7058.107/2-G,A,7058,2996,A7058,
1100,700,2000,A7058.117/2-G,A,7058,3142,A7058,
1200,700,2000,A7058.127/2-G,A,7058,3289,A7058,
400,720,850,A4105.047,A,4105,1943,A4105,
500,720,850,A4105.057,A,4105,2067,A4105,
600,720,850,A4105.067,A,4105,2237,A4105,
700,720,850,A4105.077,A,4105,2407,A4105,
800,720,850,A4105.087,A,4105,2577,A4105,
900,720,850,A4105.097,A,4105,2746,A4105,
1000,720,850,A4105.107,A,4105,2917,A4105,
1100,720,850,A4105.117,A,4105,3086,A4105,
1200,720,850,A4105.127,A,4105,3255,A4105,
1300,720,850,A4105.137,A,4105,3425,A4105,
1400,720,850,A4105.147,A,4105,3595,A4105,
1500,720,850,A4105.157,A,4105,3765,A4105,
1600,720,850,A4105.167,A,4105,3934,A4105,
1700,720,850,A4105.177,A,4105,4105,A4105,
1800,720,850,A4105.187,A,4105,4274,A4105,
1900,720,850,A4105.197,A,4105,4444,A4105,
2000,720,850,A4105.207,A,4105,4613,A4105,
1300,720,850,A4107.137,A,4107,3740,A4107,
900,720,850,A4140/2,A,4140,6186,A4140,
1200,720,850,A4140/3,A,4140,7778,A4140,
1550,720,850,A4140/4,A,4140,9291,A4140,
900,750,850,A4108/2,A,4108,5112,A4108,
1200,750,850,A4108/3,A,4108,6207,A4108,
1550,750,850,A4108/4,A,4108,7423,A4108,
800,720,850,A4110/2,A,4110,7614,A4110,
1200,720,850,A4110/3,A,4110,9884,A4110,
1600,720,850,A4110/4,A,4110,12186,A4110,
900,720,850,A4122/2,A,4122,9754,A4122,
1200,720,850,A4122/3,A,4122,10619,A4122,
1550,720,850,A4122/4,A,4122,11483,A4122,
900,750,850,A4124/2,A,4124,5276,A4124,
1200,750,850,A4124/3,A,4124,6070,A4124,
1550,750,850,A4124/4,A,4124,6862,A4124,
700,720,1390,A4121/206,A,4121,14501,A4121,
900,720,1390,A4121/208,A,4121,15236,A4121,
1200,720,1390,A4121/211,A,4121,16363,A4121,
1200,720,1390,A4121/311,A,4121,17733,A4121,
900,720,1390,A4125/2,A,4125,8471,A4125,
1200,720,1390,A4125/3,A,4125,9122,A4125,
1550,720,1390,A4125/4,A,4125,9831,A4125,
400,300,300,A3180.043-K,A,3180,337,A3180,
500,300,300,A3180.053-K,A,3180,354,A3180,
600,300,300,A3180.063-K,A,3180,371,A3180,
700,300,300,A3180.073-K,A,3180,388,A3180,
800,300,300,A3180.083-K,A,3180,405,A3180,
900,300,300,A3180.093-K,A,3180,422,A3180,
1000,300,300,A3180.103-K,A,3180,440,A3180,
1100,300,300,A3180.113-K,A,3180,456,A3180,
1200,300,300,A3180.123-K,A,3180,473,A3180,
1300,300,300,A3180.133-K,A,3180,570,A3180,
1400,300,300,A3180.143-K,A,3180,586,A3180,
1500,300,300,A3180.153-K,A,3180,603,A3180,
1600,300,300,A3180.163-K,A,3180,620,A3180,
1700,300,300,A3180.173-K,A,3180,637,A3180,
1800,300,300,A3180.183-K,A,3180,654,A3180,
1900,300,300,A3180.193-K,A,3180,671,A3180,
2000,300,300,A3180.203-K,A,3180,688,A3180,
2100,300,300,A3180.213-K,A,3180,784,A3180,
2200,300,300,A3180.223-K,A,3180,801,A3180,
2300,300,300,A3180.233-K,A,3180,818,A3180,
2400,300,300,A3180.243-K,A,3180,835,A3180,
2500,300,300,A3180.253-K,A,3180,852,A3180,
2600,300,300,A3180.263-K,A,3180,869,A3180,
2700,300,300,A3180.273-K,A,3180,886,A3180,
2800,300,300,A3180.283-K,A,3180,903,A3180,
2900,300,300,A3180.293-K,A,3180,920,A3180,
400,400,300,A3180.044-K,A,3180,375,A3180,
500,400,300,A3180.054-K,A,3180,397,A3180,
600,400,300,A3180.064-K,A,3180,419,A3180,
700,400,300,A3180.074-K,A,3180,440,A3180,
800,400,300,A3180.084-K,A,3180,462,A3180,
900,400,300,A3180.094-K,A,3180,483,A3180,
1000,400,300,A3180.104-K,A,3180,505,A3180,
1100,400,300,A3180.114-K,A,3180,527,A3180,
1200,400,300,A3180.124-K,A,3180,549,A3180,
1300,400,300,A3180.134-K,A,3180,658,A3180,
1400,400,300,A3180.144-K,A,3180,679,A3180,
1500,400,300,A3180.154-K,A,3180,701,A3180,
1600,400,300,A3180.164-K,A,3180,722,A3180,
1700,400,300,A3180.174-K,A,3180,744,A3180,
1800,400,300,A3180.184-K,A,3180,766,A3180,
1900,400,300,A3180.194-K,A,3180,787,A3180,
2000,400,300,A3180.204-K,A,3180,809,A3180,
2100,400,300,A3180.214-K,A,3180,918,A3180,
2200,400,300,A3180.224-K,A,3180,940,A3180,
2300,400,300,A3180.234-K,A,3180,961,A3180,
2400,400,300,A3180.244-K,A,3180,983,A3180,
2500,400,300,A3180.254-K,A,3180,1005,A3180,
2600,400,300,A3180.264-K,A,3180,1026,A3180,
2700,400,300,A3180.274-K,A,3180,1048,A3180,
2800,400,300,A3180.284-K,A,3180,1069,A3180,
2900,400,300,A3180.294-K,A,3180,1091,A3180,
500,500,1800,A3097.055/1-U,A,3097,4401,A3097,
600,500,1800,A3097.065/1-U,A,3097,4638,A3097,
500,600,1800,A3097.056/1-U,A,3097,4469,A3097,
600,600,1800,A3097.066/1-U,A,3097,4717,A3097,
500,700,1800,A3097.057/1-U,A,3097,4656,A3097,
600,700,1800,A3097.067/1-U,A,3097,4916,A3097,
500,500,2000,A3097.055/2-U,A,3097,4626,A3097,
600,500,2000,A3097.065/2-U,A,3097,4881,A3097,
500,600,2000,A3097.056/2-U,A,3097,4706,A3097,
600,600,2000,A3097.066/2-U,A,3097,4973,A3097,
500,700,2000,A3097.057/2-U,A,3097,4906,A3097,
600,700,2000,A3097.067/2-U,A,3097,5184,A3097,
334,200,153,A3179/3,A,3179,409,A3179,
442,200,153,A3179/4,A,3179,437,A3179,
550,200,153,A3179/5,A,3179,466,A3179,
658,200,153,A3179/6,A,3179,495,A3179,
766,200,153,A3179/7,A,3179,524,A3179,
874,200,153,A3179/8,A,3179,553,A3179,
982,200,153,A3179/9,A,3179,582,A3179,
1090,200,153,A3179/10,A,3179,611,A3179,
1198,200,153,A3179/11,A,3179,639,A3179,
1306,200,153,A3179/12,A,3179,669,A3179,
1414,200,153,A3179/13,A,3179,697,A3179,
1522,200,153,A3179/14,A,3179,726,A3179,
1630,200,153,A3179/15,A,3179,755,A3179,
1738,200,153,A3179/16,A,3179,784,A3179,
